Collection_0.md	Collection MVM.md
Collection_1.md	Collection BAK.md
Collection_2.md	Collection BHMG.md
Collection_3.md	Collection LISJC.md
Collection_4.md	Collection OGDF.md
Collection_5.md	Collection SPR.md
Collection_6.md	Collection PR.md
Collection_7.md	Collection TTN.md
Collection_8.md	Collection LBV.md
Collection_9.md	Collection BSI.md
Collection_10.md	Collection POM.md
Collection_11.md	Collection DBY.md
Collection_12.md	Collection BREG.md
Collection_13.md	Collection FPF.md
Collection_14.md	Collection RAW.md
Collection_15.md	Collection VALLE.md
Collection_16.md	Collection SEV.md
Collection_17.md	Collection WA.md
Collection_18.md	Collection HWB.md
Collection_19.md	Collection MSTR.md
Collection_20.md	Collection MCVE.md
Collection_21.md	Collection ATHU.md
Collection_22.md	Collection PAS.md
Collection_23.md	Collection AKU.md
Collection_24.md	Collection CL.md
Collection_25.md	Collection IPA.md
Collection_26.md	Collection BARO.md
Collection_27.md	Collection ASUF.md
Collection_28.md	Collection MFU.md
Collection_29.md	Collection NCBS.md
Collection_30.md	Collection POZ.md
Collection_31.md	Collection OC.md
Collection_32.md	Collection OP.md
Collection_33.md	Collection BTN.md
Collection_34.md	Collection PO.md
Collection_35.md	Collection MIPV.md
Collection_36.md	Collection HAMU.md
Collection_37.md	Collection NWH.md
Collection_38.md	Collection REG.md
Collection_39.md	Collection ASSAM.md
Collection_40.md	Collection SCHN.md
Collection_41.md	Collection ODU.md
Collection_42.md	Collection CERN.md
Collection_43.md	Collection PCU.md
Collection_44.md	Collection MVFA.md
Collection_45.md	Collection LEI.md
Collection_46.md	Collection FHKSC.md
Collection_47.md	Collection I.md
Collection_48.md	Collection CPH.md
Collection_49.md	Collection PEL.md
Collection_50.md	Collection SIB.md
Collection_51.md	Collection UCNW.md
Collection_52.md	Collection NFLD.md
Collection_53.md	Collection DUR.md
Collection_54.md	Collection WELTU.md
Collection_55.md	Collection CLE.md
Collection_56.md	Collection LSR.md
Collection_57.md	Collection TUB.md
Collection_58.md	Collection CSAT.md
Collection_59.md	Collection CH.md
Collection_60.md	Collection BG.md
Collection_61.md	Collection ABSH.md
Collection_62.md	Collection POR.md
Collection_63.md	Collection TRT.md
Collection_64.md	Collection LAM.md
Collection_65.md	Collection LJM.md
Collection_66.md	Collection HAM.md
Collection_67.md	Collection MHA.md
Collection_68.md	Collection NAT.md
Collection_69.md	Collection HLU.md
Collection_70.md	Collection BLH.md
Collection_71.md	Collection MSK.md
Collection_72.md	Collection LISU.md
Collection_73.md	Collection DD.md
Collection_74.md	Collection WCUH.md
Collection_75.md	Collection HB.md
Collection_76.md	Collection MH.md
Collection_77.md	Collection BLAT.md
Collection_78.md	Collection LL.md
Collection_79.md	Collection BIRA.md
Collection_80.md	Collection HEID.md
Collection_81.md	Collection MJSD.md
Collection_82.md	Collection ZA.md
Collection_83.md	Collection ETH.md
Collection_84.md	Collection BI.md
Collection_85.md	Collection BHU.md
Collection_86.md	Collection CHUR.md
Collection_87.md	Collection URM.md
Collection_88.md	Collection SZ.md
Collection_89.md	Collection BCW.md
Collection_90.md	Collection GUA.md
Collection_91.md	Collection UOS.md
Collection_92.md	Collection KNOX.md
Collection_93.md	Collection TOR.md
Collection_94.md	Collection PTH.md
Collection_95.md	Collection HME.md
Collection_96.md	Collection NI.md
Collection_97.md	Collection BMH.md
Collection_98.md	Collection SS.md
Collection_99.md	Collection CEL.md
Collection_100.md	Collection CHER.md
Collection_101.md	Collection STS.md
Collection_102.md	Collection MP.md
Collection_103.md	Collection MARS.md
Collection_104.md	Collection IASI.md
Collection_105.md	Collection VDB.md
Collection_106.md	Collection CP.md
Collection_107.md	Collection MCJ.md
Collection_108.md	Collection BGSU.md
Collection_109.md	Collection PL.md
Collection_110.md	Collection GLM.md
Collection_111.md	Collection STAL.md
Collection_112.md	Collection BUCA.md
Collection_113.md	Collection CI.md
Collection_114.md	Collection TLJ.md
Collection_115.md	Collection TLF.md
Collection_116.md	Collection TALE.md
Collection_117.md	Collection LUB.md
Collection_118.md	Collection USPIY.md
Collection_119.md	Collection HERZ.md
Collection_120.md	Collection ORE.md
Collection_121.md	Collection WILLU.md
Collection_122.md	Collection WET.md
Collection_123.md	Collection SPH.md
Collection_124.md	Collection BAG.md
Collection_125.md	Collection ALU.md
Collection_126.md	Collection PA.md
Collection_127.md	Collection KASSEL.md
Collection_128.md	Collection SV.md
Collection_129.md	Collection KIRI.md
Collection_130.md	Collection BFY.md
Collection_131.md	Collection QMP.md
Collection_132.md	Collection RUEB.md
Collection_133.md	Collection ABI.md
Collection_134.md	Collection AC.md
Collection_135.md	Collection GW.md
Collection_136.md	Collection BAE.md
Collection_137.md	Collection BFD.md
Collection_138.md	Collection BFT.md
Collection_139.md	Collection BHD.md
Collection_140.md	Collection IBS.md
Collection_141.md	Collection CFN.md
Collection_142.md	Collection VA.md
Collection_143.md	Collection CANTY.md
Collection_144.md	Collection BUS.md
Collection_145.md	Collection CRK.md
Collection_146.md	Collection CYN.md
Collection_147.md	Collection WAB.md
Collection_148.md	Collection DGN.md
Collection_149.md	Collection DO.md
Collection_150.md	Collection DFS.md
Collection_151.md	Collection EBH.md
Collection_152.md	Collection EPM.md
Collection_153.md	Collection NWU.md
Collection_154.md	Collection GAES.md
Collection_155.md	Collection GLW.md
Collection_156.md	Collection GLEN.md
Collection_157.md	Collection DPU.md
Collection_158.md	Collection HABE.md
Collection_159.md	Collection LS.md
Collection_160.md	Collection HUL.md
Collection_161.md	Collection HFX.md
Collection_162.md	Collection HOU.md
Collection_163.md	Collection HPM.md
Collection_164.md	Collection CAHS.md
Collection_165.md	Collection CU.md
Collection_166.md	Collection AAH.md
Collection_167.md	Collection KGY.md
Collection_168.md	Collection KSO.md
Collection_169.md	Collection TRA.md
Collection_170.md	Collection ERZ.md
Collection_171.md	Collection LISM.md
Collection_172.md	Collection LIVU.md
Collection_173.md	Collection PHA.md
Collection_174.md	Collection QMC.md
Collection_175.md	Collection KCS.md
Collection_176.md	Collection MPR.md
Collection_177.md	Collection LWD.md
Collection_178.md	Collection MAD.md
Collection_179.md	Collection MCR.md
Collection_180.md	Collection LM.md
Collection_181.md	Collection LMJ.md
Collection_182.md	Collection MBH.md
Collection_183.md	Collection TECLA.md
Collection_184.md	Collection MEX.md
Collection_185.md	Collection WECO.md
Collection_186.md	Collection SIGMA.md
Collection_187.md	Collection MTJB.md
Collection_188.md	Collection RUT.md
Collection_189.md	Collection Y.md
Collection_190.md	Collection DELS.md
Collection_191.md	Collection NJ.md
Collection_192.md	Collection PLY.md
Collection_193.md	Collection RGY.md
Collection_194.md	Collection RYD.md
Collection_195.md	Collection JSY.md
Collection_196.md	Collection STP.md
Collection_197.md	Collection SPL.md
Collection_198.md	Collection SPA.md
Collection_199.md	Collection SYR.md
Collection_200.md	Collection TAK.md
Collection_201.md	Collection TEXA.md
Collection_202.md	Collection TOD.md
Collection_203.md	Collection TDN.md
Collection_204.md	Collection TRM.md
Collection_205.md	Collection UPP.md
Collection_206.md	Collection WRHM.md
Collection_207.md	Collection LCU.md
Collection_208.md	Collection WELC.md
Collection_209.md	Collection BCF.md
Collection_210.md	Collection EM.md
Collection_211.md	Collection PKDC.md
Collection_212.md	Collection SFPA.md
Collection_213.md	Collection BRN.md
Collection_214.md	Collection UCSW.md
Collection_215.md	Collection PAE.md
Collection_216.md	Collection DUIS.md
Collection_217.md	Collection ZVS.md
Collection_218.md	Collection WBM.md
Collection_219.md	Collection BCC.md
Collection_220.md	Collection HAN.md
Collection_221.md	Collection KYM.md
Collection_222.md	Collection HPP.md
Collection_223.md	Collection HSI.md
Collection_224.md	Collection KA.md
Collection_225.md	Collection KCK.md
Collection_226.md	Collection SK.md
Collection_227.md	Collection SUNIV.md
Collection_228.md	Collection TURA.md
Collection_229.md	Collection WAR.md
Collection_230.md	Collection BRSL.md
Collection_231.md	Collection EVMU.md
Collection_232.md	Collection DHM.md
Collection_233.md	Collection NBV.md
Collection_234.md	Collection DH.md
Collection_235.md	Collection RNMUT.md
Collection_236.md	Collection EXR.md
Collection_237.md	Collection IA.md
Collection_238.md	Collection GMS.md
Collection_239.md	Collection VIL.md
Collection_240.md	Collection WOS.md
Collection_241.md	Collection TBI.md
Collection_242.md	Collection BUC.md
Collection_243.md	Collection BAFC.md
Collection_244.md	Collection ROST.md
Collection_245.md	Collection ACA.md
Collection_246.md	Collection DOR.md
Collection_247.md	Collection MCP.md
Collection_248.md	Collection TAM.md
Collection_249.md	Collection LIL.md
Collection_250.md	Collection WLU.md
Collection_251.md	Collection WCW.md
Collection_252.md	Collection SDC.md
Collection_253.md	Collection WAVI.md
Collection_254.md	Collection SAN.md
Collection_255.md	Collection TSM.md
Collection_256.md	Collection PSO.md
Collection_257.md	Collection LTR.md
Collection_258.md	Collection BPU.md
Collection_259.md	Collection BNS.md
Collection_260.md	Collection BRISTM.md
Collection_261.md	Collection BRIST.md
Collection_262.md	Collection BHDL.md
Collection_263.md	Collection RAB.md
Collection_264.md	Collection AZ.md
Collection_265.md	Collection RIG.md
Collection_266.md	Collection HEL.md
Collection_267.md	Collection RHT.md
Collection_268.md	Collection SRD.md
Collection_269.md	Collection PSGB.md
Collection_270.md	Collection GEO.md
Collection_271.md	Collection QPH.md
Collection_272.md	Collection SBC.md
Collection_273.md	Collection SBM.md
Collection_274.md	Collection LT.md
Collection_275.md	Collection GDOR.md
Collection_276.md	Collection HDD.md
Collection_277.md	Collection NTN.md
Collection_278.md	Collection BDK.md
Collection_279.md	Collection THO.md
Collection_280.md	Collection EA.md
Collection_281.md	Collection NESH.md
Collection_282.md	Collection CLCB.md
Collection_283.md	Collection ILH.md
Collection_284.md	Collection CLR.md
Collection_285.md	Collection MJG.md
Collection_286.md	Collection GU.md
Collection_287.md	Collection BRA.md
Collection_288.md	Collection TIE.md
Collection_289.md	Collection KR.md
Collection_290.md	Collection SRGH.md
Collection_291.md	Collection IBL.md
Collection_292.md	Collection AAR.md
Collection_293.md	Collection FM.md
Collection_294.md	Collection HU.md
Collection_295.md	Collection KU.md
Collection_296.md	Collection NSM.md
Collection_297.md	Collection SHMH.md
Collection_298.md	Collection ACAD.md
Collection_299.md	Collection EAA.md
Collection_300.md	Collection BRL.md
Collection_301.md	Collection HTE.md
Collection_302.md	Collection TLM.md
Collection_303.md	Collection DIN.md
Collection_304.md	Collection PAR.md
Collection_305.md	Collection ADMONT.md
Collection_306.md	Collection FABR.md
Collection_307.md	Collection TRU.md
Collection_308.md	Collection TOM.md
Collection_309.md	Collection GI.md
Collection_310.md	Collection TLA.md
Collection_311.md	Collection STI.md
Collection_312.md	Collection SKN.md
Collection_313.md	Collection SWA.md
Collection_314.md	Collection RTE.md
Collection_315.md	Collection PERU.md
Collection_316.md	Collection MID.md
Collection_317.md	Collection PEN.md
Collection_318.md	Collection PARMA.md
Collection_319.md	Collection WTR.md
Collection_320.md	Collection QPLS.md
Collection_321.md	Collection BUL.md
Collection_322.md	Collection AV.md
Collection_323.md	Collection UFS.md
Collection_324.md	Collection AUT.md
Collection_325.md	Collection CMM.md
Collection_326.md	Collection DI.md
Collection_327.md	Collection GLR.md
Collection_328.md	Collection DOMO.md
Collection_329.md	Collection OREB.md
Collection_330.md	Collection HSM.md
Collection_331.md	Collection LCN.md
Collection_332.md	Collection LTN.md
Collection_333.md	Collection YK.md
Collection_334.md	Collection AL.md
Collection_335.md	Collection CHIS.md
Collection_336.md	Collection WYAC.md
Collection_337.md	Collection ENT.md
Collection_338.md	Collection UNL.md
Collection_339.md	Collection ULT.md
Collection_340.md	Collection ITIC.md
Collection_341.md	Collection ANGUC.md
Collection_342.md	Collection PCM.md
Collection_343.md	Collection ATCC.md
Collection_344.md	Collection TNP.md
Collection_345.md	Collection TMP.md
Collection_346.md	Collection TB.md
Collection_347.md	Collection SWN.md
Collection_348.md	Collection SPAL.md
Collection_349.md	Collection SASSA.md
Collection_350.md	Collection JPU.md
Collection_351.md	Collection Q.md
Collection_352.md	Collection LWU.md
Collection_353.md	Collection LISE.md
Collection_354.md	Collection MPA.md
Collection_355.md	Collection OLDS.md
Collection_356.md	Collection SIAC.md
Collection_357.md	Collection NM.md
Collection_358.md	Collection MVFQ.md
Collection_359.md	Collection LILLE.md
Collection_360.md	Collection SZE.md
Collection_361.md	Collection JAC.md
Collection_362.md	Collection IPS.md
Collection_363.md	Collection INA.md
Collection_364.md	Collection IBIR.md
Collection_365.md	Collection IAV.md
Collection_366.md	Collection IARI.md
Collection_367.md	Collection HPH.md
Collection_368.md	Collection HCIO.md
Collection_369.md	Collection HBIL.md
Collection_370.md	Collection HBBS.md
Collection_371.md	Collection AA.md
Collection_372.md	Collection ALMA.md
Collection_373.md	Collection BAY.md
Collection_374.md	Collection BRG.md
Collection_375.md	Collection CAIH.md
Collection_376.md	Collection CLA.md
Collection_377.md	Collection DAKAR.md
Collection_378.md	Collection DMNH.md
Collection_379.md	Collection EAN.md
Collection_380.md	Collection ECH.md
Collection_381.md	Collection ERE.md
Collection_382.md	Collection FCME.md
Collection_383.md	Collection FDG.md
Collection_384.md	Collection FHI.md
Collection_385.md	Collection FIPF.md
Collection_386.md	Collection BUA.md
Collection_387.md	Collection BUH.md
Collection_388.md	Collection HWA.md
Collection_389.md	Collection IBSC.md
Collection_390.md	Collection JU.md
Collection_391.md	Collection N.md
Collection_392.md	Collection NAS.md
Collection_393.md	Collection NF.md
Collection_394.md	Collection ST.md
Collection_395.md	Collection SYS.md
Collection_396.md	Collection TAIM.md
Collection_397.md	Collection ZJFI.md
Collection_398.md	Collection MACO.md
Collection_399.md	Collection HAC.md
Collection_400.md	Collection LC.md
Collection_401.md	Collection PAM.md
Collection_402.md	Collection TAL.md
Collection_403.md	Collection TAD.md
Collection_404.md	Collection IFAN.md
Collection_405.md	Collection RSDR.md
Collection_406.md	Collection BZF.md
Collection_407.md	Collection TUN.md
Collection_408.md	Collection JYV.md
Collection_409.md	Collection WARMS.md
Collection_410.md	Collection SCH.md
Collection_411.md	Collection LZ.md
Collection_412.md	Collection GOET.md
Collection_413.md	Collection COL.md
Collection_414.md	Collection BUF.md
Collection_415.md	Collection MOSS.md
Collection_416.md	Collection IFGP.md
Collection_417.md	Collection SGO.md
Collection_418.md	Collection GALW.md
Collection_419.md	Collection PAC.md
Collection_420.md	Collection IUP.md
Collection_421.md	Collection MISS.md
Collection_422.md	Collection PHIL.md
Collection_423.md	Collection BHUPM.md
Collection_424.md	Collection BRNM.md
Collection_425.md	Collection FH.md
Collection_426.md	Collection MZ.md
Collection_427.md	Collection NCY.md
Collection_428.md	Collection SANT.md
Collection_429.md	Collection MTMG.md
Collection_430.md	Collection BON.md
Collection_431.md	Collection UCWI.md
Collection_432.md	Collection RV.md
Collection_433.md	Collection LASCA.md
Collection_434.md	Collection NMW.md
Collection_435.md	Collection KM.md
Collection_436.md	Collection MARY.md
Collection_437.md	Collection FMC.md
Collection_438.md	Collection NEBC.md
Collection_439.md	Collection NHES.md
Collection_440.md	Collection BH.md
Collection_441.md	Collection HR.md
Collection_442.md	Collection OAC.md
Collection_443.md	Collection SLPM.md
Collection_444.md	Collection KUO.md
Collection_445.md	Collection SIU.md
Collection_446.md	Collection ER.md
Collection_447.md	Collection FI.md
Collection_448.md	Collection USC.md
Collection_449.md	Collection MAINE.md
Collection_450.md	Collection CR.md
Collection_451.md	Collection STO.md
Collection_452.md	Collection YRK.md
Collection_453.md	Collection GR.md
Collection_454.md	Collection BDI.md
Collection_455.md	Collection COCO.md
Collection_456.md	Collection KSC.md
Collection_457.md	Collection TU.md
Collection_458.md	Collection DS.md
Collection_459.md	Collection FHO.md
Collection_460.md	Collection OXF.md
Collection_461.md	Collection WB.md
Collection_462.md	Collection CHE.md
Collection_463.md	Collection BRY.md
Collection_464.md	Collection CB.md
Collection_465.md	Collection EMC.md
Collection_466.md	Collection AMES.md
Collection_467.md	Collection ECON.md
Collection_468.md	Collection A.md
Collection_469.md	Collection LPB.md
Collection_470.md	Collection CFMR.md
Collection_471.md	Collection UAC.md
Collection_472.md	Collection FB.md
Collection_473.md	Collection WIES.md
Collection_474.md	Collection ALTA.md
Collection_475.md	Collection RMS.md
Collection_476.md	Collection SAV.md
Collection_477.md	Collection BISH.md
Collection_478.md	Collection ARIZ.md
Collection_479.md	Collection WIS.md
Collection_480.md	Collection SMS.md
Collection_481.md	Collection SMU.md
Collection_482.md	Collection STAR.md
Collection_483.md	Collection MASS.md
Collection_484.md	Collection KRA.md
Collection_485.md	Collection VI.md
Collection_486.md	Collection OULU.md
Collection_487.md	Collection KAZ.md
Collection_488.md	Collection IEC.md
Collection_489.md	Collection MOL.md
Collection_490.md	Collection LP.md
Collection_491.md	Collection CAT.md
Collection_492.md	Collection IJ.md
Collection_493.md	Collection WRN.md
Collection_494.md	Collection PENN.md
Collection_495.md	Collection ABSL.md
Collection_496.md	Collection LLO.md
Collection_497.md	Collection PKM.md
Collection_498.md	Collection CLM.md
Collection_499.md	Collection SRSC.md
Collection_500.md	Collection JBVN.md
Collection_501.md	Collection REN.md
Collection_502.md	Collection CAM.md
Collection_503.md	Collection PAD.md
Collection_504.md	Collection SFD.md
Collection_505.md	Collection UC.md
Collection_506.md	Collection JEPS.md
Collection_507.md	Collection BKL.md
Collection_508.md	Collection ISM.md
Collection_509.md	Collection DEE.md
Collection_510.md	Collection MVSC.md
Collection_511.md	Collection YU.md
Collection_512.md	Collection WIR.md
Collection_513.md	Collection BRLU.md
Collection_514.md	Collection IAN.md
Collection_515.md	Collection LECB.md
Collection_516.md	Collection MPPD.md
Collection_517.md	Collection DOV.md
Collection_518.md	Collection BEI.md
Collection_519.md	Collection WHY.md
Collection_520.md	Collection TLS.md
Collection_521.md	Collection RPM.md
Collection_522.md	Collection NTM.md
Collection_523.md	Collection BSN.md
Collection_524.md	Collection FRS.md
Collection_525.md	Collection OS.md
Collection_526.md	Collection MOD.md
Collection_527.md	Collection LR.md
Collection_528.md	Collection IBI.md
Collection_529.md	Collection GC.md
Collection_530.md	Collection RSU.md
Collection_531.md	Collection SCP.md
Collection_532.md	Collection HNL.md
Collection_533.md	Collection AK.md
Collection_534.md	Collection BEL.md
Collection_535.md	Collection SUM.md
Collection_536.md	Collection IND.md
Collection_537.md	Collection BASSA.md
Collection_538.md	Collection HNH.md
Collection_539.md	Collection GJO.md
Collection_540.md	Collection LD.md
Collection_541.md	Collection KE.md
Collection_542.md	Collection ASU.md
Collection_543.md	Collection VM.md
Collection_544.md	Collection BAS.md
Collection_545.md	Collection AMNH.md
Collection_546.md	Collection SYD.md
Collection_547.md	Collection QK.md
Collection_548.md	Collection ICEL.md
Collection_549.md	Collection PG.md
Collection_550.md	Collection TTC.md
Collection_551.md	Collection UCR.md
Collection_552.md	Collection MAN.md
Collection_553.md	Collection ANG.md
Collection_554.md	Collection BRH.md
Collection_555.md	Collection MS.md
Collection_556.md	Collection LV.md
Collection_557.md	Collection BRVU.md
Collection_558.md	Collection AWH.md
Collection_559.md	Collection VEN.md
Collection_560.md	Collection ILLS.md
Collection_561.md	Collection ISC.md
Collection_562.md	Collection WVA.md
Collection_563.md	Collection POP.md
Collection_564.md	Collection EAC.md
Collection_565.md	Collection GAT.md
Collection_566.md	Collection SIENA.md
Collection_567.md	Collection PAL.md
Collection_568.md	Collection LW.md
Collection_569.md	Collection PNH.md
Collection_570.md	Collection MB.md
Collection_571.md	Collection LAF.md
Collection_572.md	Collection FLAS.md
Collection_573.md	Collection FW.md
Collection_574.md	Collection FWM.md
Collection_575.md	Collection BAYLU.md
Collection_576.md	Collection NTSC.md
Collection_577.md	Collection UVST.md
Collection_578.md	Collection NAP.md
Collection_579.md	Collection TR.md
Collection_580.md	Collection TAES.md
Collection_581.md	Collection LU.md
Collection_582.md	Collection IACM.md
Collection_583.md	Collection BAF.md
Collection_584.md	Collection LUG.md
Collection_585.md	Collection BSD.md
Collection_586.md	Collection TBGT.md
Collection_587.md	Collection BORD.md
Collection_588.md	Collection BC.md
Collection_589.md	Collection FRC.md
Collection_590.md	Collection TUR.md
Collection_591.md	Collection KUN.md
Collection_592.md	Collection LISC.md
Collection_593.md	Collection NSPM.md
Collection_594.md	Collection SOM.md
Collection_595.md	Collection EAP.md
Collection_596.md	Collection CS.md
Collection_597.md	Collection TRH.md
Collection_598.md	Collection QUE.md
Collection_599.md	Collection SZU.md
Collection_600.md	Collection BRU.md
Collection_601.md	Collection GENT.md
Collection_602.md	Collection GRM.md
Collection_603.md	Collection BUCM.md
Collection_604.md	Collection RNG.md
Collection_605.md	Collection RO.md
Collection_606.md	Collection ILL.md
Collection_607.md	Collection BRNU.md
Collection_608.md	Collection MSI.md
Collection_609.md	Collection BOLO.md
Collection_610.md	Collection NEU.md
Collection_611.md	Collection TAN.md
Collection_612.md	Collection FTG.md
Collection_613.md	Collection BR.md
Collection_614.md	Collection FT.md
Collection_615.md	Collection GFW.md
Collection_616.md	Collection DR.md
Collection_617.md	Collection STR.md
Collection_618.md	Collection POLL.md
Collection_619.md	Collection FIAF.md
Collection_620.md	Collection CANL.md
Collection_621.md	Collection NOT.md
Collection_622.md	Collection BREM.md
Collection_623.md	Collection MIN.md
Collection_624.md	Collection VER.md
Collection_625.md	Collection CHARL.md
Collection_626.md	Collection GRO.md
Collection_627.md	Collection VIC.md
Collection_628.md	Collection IB.md
Collection_629.md	Collection AD.md
Collection_630.md	Collection BRM.md
Collection_631.md	Collection SOC.md
Collection_632.md	Collection KRAM.md
Collection_633.md	Collection C.md
Collection_634.md	Collection OLM.md
Collection_635.md	Collection BA.md
Collection_636.md	Collection BCL.md
Collection_637.md	Collection UT.md
Collection_638.md	Collection SO.md
Collection_639.md	Collection MEXU.md
Collection_640.md	Collection CBS.md
Collection_641.md	Collection SL.md
Collection_642.md	Collection NDA.md
Collection_643.md	Collection MN.md
Collection_644.md	Collection FRI.md
Collection_645.md	Collection PRM.md
Collection_646.md	Collection BSB.md
Collection_647.md	Collection DE.md
Collection_648.md	Collection MISSA.md
Collection_649.md	Collection WIND.md
Collection_650.md	Collection LINN.md
Collection_651.md	Collection ZSS.md
Collection_652.md	Collection TLON.md
Collection_653.md	Collection BM.md
Collection_654.md	Collection RUTPP.md
Collection_655.md	Collection HPC.md
Collection_656.md	Collection ROV.md
Collection_657.md	Collection NMMA.md
Collection_658.md	Collection KY.md
Collection_659.md	Collection BB.md
Collection_660.md	Collection PI.md
Collection_661.md	Collection IBF.md
Collection_662.md	Collection MJ.md
Collection_663.md	Collection FARM.md
Collection_664.md	Collection LDS.md
Collection_665.md	Collection LES.md
Collection_666.md	Collection G.md
Collection_667.md	Collection WRSL.md
Collection_668.md	Collection GH.md
Collection_669.md	Collection JE.md
Collection_670.md	Collection CANM.md
Collection_671.md	Collection CAN.md
Collection_672.md	Collection TL.md
Collection_673.md	Collection BO.md
Collection_674.md	Collection PDD.md
Collection_675.md	Collection MI.md
Collection_676.md	Collection TELA.md
Collection_677.md	Collection BK.md
Collection_678.md	Collection TUC.md
Collection_679.md	Collection DBN.md
Collection_680.md	Collection NICE.md
Collection_681.md	Collection DAV.md
Collection_682.md	Collection BOG.md
Collection_683.md	Collection WIN.md
Collection_684.md	Collection NEB.md
Collection_685.md	Collection CINC.md
Collection_686.md	Collection ASTC.md
Collection_687.md	Collection OKLA.md
Collection_688.md	Collection LIV.md
Collection_689.md	Collection DZS.md
Collection_690.md	Collection DSY.md
Collection_691.md	Collection NDG.md
Collection_692.md	Collection FU.md
Collection_693.md	Collection KANA.md
Collection_694.md	Collection KYO.md
Collection_695.md	Collection OSA.md
Collection_696.md	Collection SAP.md
Collection_697.md	Collection SAPS.md
Collection_698.md	Collection XAL.md
Collection_699.md	Collection SUVA.md
Collection_700.md	Collection BAB.md
Collection_701.md	Collection KDL.md
Collection_702.md	Collection TK.md
Collection_703.md	Collection ABS.md
Collection_704.md	Collection EGHB.md
Collection_705.md	Collection SGE.md
Collection_706.md	Collection BONN.md
Collection_707.md	Collection VPI.md
Collection_708.md	Collection MSC.md
Collection_709.md	Collection MACB.md
Collection_710.md	Collection UPSV.md
Collection_711.md	Collection KSU.md
Collection_712.md	Collection DUL.md
Collection_713.md	Collection UARK.md
Collection_714.md	Collection DWC.md
Collection_715.md	Collection CART.md
Collection_716.md	Collection AFS.md
Collection_717.md	Collection NO.md
Collection_718.md	Collection SDU.md
Collection_719.md	Collection UTD.md
Collection_720.md	Collection BARC.md
Collection_721.md	Collection BAI.md
Collection_722.md	Collection BAJ.md
Collection_723.md	Collection VIST.md
Collection_724.md	Collection RPPR.md
Collection_725.md	Collection CAIRNS.md
Collection_726.md	Collection ADU.md
Collection_727.md	Collection ADW.md
Collection_728.md	Collection UMO.md
Collection_729.md	Collection OTA.md
Collection_730.md	Collection LY.md
Collection_731.md	Collection T.md
Collection_732.md	Collection ESAL.md
Collection_733.md	Collection NAM.md
Collection_734.md	Collection SOA.md
Collection_735.md	Collection TASH.md
Collection_736.md	Collection ND.md
Collection_737.md	Collection URV.md
Collection_738.md	Collection GRI.md
Collection_739.md	Collection LISI.md
Collection_740.md	Collection CAL.md
Collection_741.md	Collection ANK.md
Collection_742.md	Collection LYJB.md
Collection_743.md	Collection W.md
Collection_744.md	Collection KL.md
Collection_745.md	Collection AHFH.md
Collection_746.md	Collection DAU.md
Collection_747.md	Collection BCN.md
Collection_748.md	Collection ENAG.md
Collection_749.md	Collection MANCH.md
Collection_750.md	Collection MAK.md
Collection_751.md	Collection HAJB.md
Collection_752.md	Collection TAI.md
Collection_753.md	Collection LEP.md
Collection_754.md	Collection GDA.md
Collection_755.md	Collection PAV.md
Collection_756.md	Collection VLA.md
Collection_757.md	Collection CONN.md
Collection_758.md	Collection GE.md
Collection_759.md	Collection MG.md
Collection_760.md	Collection MA.md
Collection_761.md	Collection NMC.md
Collection_762.md	Collection IMI.md
Collection_763.md	Collection CANB.md
Collection_764.md	Collection RFA.md
Collection_765.md	Collection LUX.md
Collection_766.md	Collection LLC.md
Collection_767.md	Collection HO.md
Collection_768.md	Collection MELU.md
Collection_769.md	Collection LUCCA.md
Collection_770.md	Collection R.md
Collection_771.md	Collection CAI.md
Collection_772.md	Collection MOR.md
Collection_773.md	Collection NBM.md
Collection_774.md	Collection DAR.md
Collection_775.md	Collection TEX.md
Collection_776.md	Collection ORM.md
Collection_777.md	Collection CAIM.md
Collection_778.md	Collection CBG.md
Collection_779.md	Collection MPU.md
Collection_780.md	Collection SBT.md
Collection_781.md	Collection SZB.md
Collection_782.md	Collection EGR.md
Collection_783.md	Collection TRIN.md
Collection_784.md	Collection TENN.md
Collection_785.md	Collection QFA.md
Collection_786.md	Collection MT.md
Collection_787.md	Collection SI.md
Collection_788.md	Collection AUA.md
Collection_789.md	Collection BIRM.md
Collection_790.md	Collection KIEL.md
Collection_791.md	Collection GZU.md
Collection_792.md	Collection CAG.md
Collection_793.md	Collection US.md
Collection_794.md	Collection USNC.md
Collection_795.md	Collection FLOR.md
Collection_796.md	Collection STA.md
Collection_797.md	Collection ZT.md
Collection_798.md	Collection CHRB.md
Collection_799.md	Collection GGO.md
Collection_800.md	Collection GL.md
Collection_801.md	Collection GLAM.md
Collection_802.md	Collection LAH.md
Collection_803.md	Collection LSU.md
Collection_804.md	Collection DAL.md
Collection_805.md	Collection SD.md
Collection_806.md	Collection LAE.md
Collection_807.md	Collection SLBI.md
Collection_808.md	Collection BAA.md
Collection_809.md	Collection MIL.md
Collection_810.md	Collection BAL.md
Collection_811.md	Collection COLO.md
Collection_812.md	Collection LG.md
Collection_813.md	Collection HH.md
Collection_814.md	Collection PRC.md
Collection_815.md	Collection MEDEL.md
Collection_816.md	Collection CORD.md
Collection_817.md	Collection UBC.md
Collection_818.md	Collection DUKE.md
Collection_819.md	Collection NRRL.md
Collection_820.md	Collection DSU.md
Collection_821.md	Collection HIRO.md
Collection_822.md	Collection LAU.md
Collection_823.md	Collection LBL.md
Collection_824.md	Collection KEP.md
Collection_825.md	Collection CLF.md
Collection_826.md	Collection NYS.md
Collection_827.md	Collection S.md
Collection_828.md	Collection NHA.md
Collection_829.md	Collection RENO.md
Collection_830.md	Collection MSE.md
Collection_831.md	Collection KSA.md
Collection_832.md	Collection PRE.md
Collection_833.md	Collection BLFU.md
Collection_834.md	Collection BOL.md
Collection_835.md	Collection CT.md
Collection_836.md	Collection GRA.md
Collection_837.md	Collection JF.md
Collection_838.md	Collection KMG.md
Collection_839.md	Collection NBG.md
Collection_840.md	Collection NH.md
Collection_841.md	Collection NU.md
Collection_842.md	Collection PREM.md
Collection_843.md	Collection PRU.md
Collection_844.md	Collection PUC.md
Collection_845.md	Collection RUH.md
Collection_846.md	Collection SAM.md
Collection_847.md	Collection STE.md
Collection_848.md	Collection STEU.md
Collection_849.md	Collection Z.md
Collection_850.md	Collection WTU.md
Collection_851.md	Collection CWU.md
Collection_852.md	Collection VT.md
Collection_853.md	Collection TO.md
Collection_854.md	Collection TNS.md
Collection_855.md	Collection GM.md
Collection_856.md	Collection HBG.md
Collection_857.md	Collection PDA.md
Collection_858.md	Collection CM.md
Collection_859.md	Collection BP.md
Collection_860.md	Collection KPM.md
Collection_861.md	Collection SACT.md
Collection_862.md	Collection WAG.md
Collection_863.md	Collection U.md
Collection_864.md	Collection AMD.md
Collection_865.md	Collection L.md
Collection_866.md	Collection MICH.md
Collection_867.md	Collection TROM.md
Collection_868.md	Collection PUR.md
Collection_869.md	Collection HOH.md
Collection_870.md	Collection J.md
Collection_871.md	Collection PC.md
Collection_872.md	Collection PE.md
Collection_873.md	Collection STU.md
Collection_874.md	Collection B.md
Collection_875.md	Collection LPS.md
Collection_876.md	Collection P.md
Collection_877.md	Collection ALA.md
Collection_878.md	Collection KLU.md
Collection_879.md	Collection RAMM.md
Collection_880.md	Collection SING.md
Collection_881.md	Collection SAMU.md
Collection_882.md	Collection MAF.md
Collection_883.md	Collection NSW.md
Collection_884.md	Collection AAU.md
Collection_885.md	Collection GOD.md
Collection_886.md	Collection ABD.md
Collection_887.md	Collection OSC.md
Collection_888.md	Collection WU.md
Collection_889.md	Collection HBR.md
Collection_890.md	Collection PH.md
Collection_891.md	Collection CN.md
Collection_892.md	Collection TC.md
Collection_893.md	Collection UTC.md
Collection_894.md	Collection HAL.md
Collection_895.md	Collection TRTC.md
Collection_896.md	Collection CHR.md
Collection_897.md	Collection WELT.md
Collection_898.md	Collection KANU.md
Collection_899.md	Collection NCU.md
Collection_900.md	Collection FR.md
Collection_901.md	Collection M.md
Collection_902.md	Collection IAC.md
Collection_903.md	Collection USFS.md
Collection_904.md	Collection UPS.md
Collection_905.md	Collection ROPV.md
Collection_906.md	Collection RSA.md
Collection_907.md	Collection BRIT.md
Collection_908.md	Collection LI.md
Collection_909.md	Collection BPI.md
Collection_910.md	Collection CGE.md
Collection_911.md	Collection CAS.md
Collection_912.md	Collection TCD.md
Collection_913.md	Collection GA.md
Collection_914.md	Collection WS.md
Collection_915.md	Collection BUT.md
Collection_916.md	Collection NA.md
Collection_917.md	Collection WSP.md
Collection_918.md	Collection TAC.md
Collection_919.md	Collection OKL.md
Collection_920.md	Collection SPWH.md
Collection_921.md	Collection MEL.md
Collection_922.md	Collection NT.md
Collection_923.md	Collection MW.md
Collection_924.md	Collection PERTH.md
Collection_925.md	Collection K.md
Collection_926.md	Collection IBK.md
Collection_927.md	Collection USM.md
Collection_928.md	Collection ISTF.md
Collection_929.md	Collection KW.md
Collection_930.md	Collection BRI.md
Collection_931.md	Collection MU.md
Collection_932.md	Collection SP.md
Collection_933.md	Collection LA.md
Collection_934.md	Collection HK.md
Collection_935.md	Collection SBBG.md
Collection_936.md	Collection CAFB.md
Collection_937.md	Collection COI.md
Collection_938.md	Collection V.md
Collection_939.md	Collection DNA.md
Collection_940.md	Collection NICH.md
Collection_941.md	Collection GB.md
Collection_942.md	Collection VPRI.md
Collection_943.md	Collection MONT.md
Collection_944.md	Collection PACA.md
Collection_945.md	Collection H.md
Collection_946.md	Collection NY.md
Collection_947.md	Collection SEL.md
Collection_948.md	Collection E.md
Collection_949.md	Collection LE.md
Collection_950.md	Collection RM.md
Collection_951.md	Collection RB.md
Collection_952.md	Collection MO.md
Collection_953.md	Collection SLO.md
Collection_954.md	Collection DAO.md
Collection_955.md	Collection CUP.md
Collection_956.md	Collection HMAS.md
Collection_957.md	Collection MONTU.md
Collection_958.md	Collection TI.md
Collection_959.md	Collection O.md
Collection_960.md	Collection DAOM.md
Collection_961.md	Collection HUJ.md
Collection_962.md	Collection BERN.md
Collection_963.md	Collection F.md